MailingCity,MailingCountry,MailingPostalCode,MailingState,MailingStreet,FirstName,LastName,Email,Phone
Montgomery,United States,19009,Pennsylvania,2725 Quarry Rd,Lauren,Boyle*,lauren.boyle@mailinator.com,(276) 555-0197
Multnomah,United States,97218,Oregon,6069 NE 49th Ave,Tom,Reseller,contact+treseller@sdo.mygbiz.com,(344) 555-0197
Montgomery,US,19009,PA,2725 Quarry Rd,Bobby,Hodges,contact+bhodges@sdo.mygbiz.com,(422) 555-0100
Santa Clara,US,95125,CA,178 San Jose Ave,Ed,Flachbarth,contact+edflachbarth@sdo.mygbiz.com,(475) 555-0100
Montgomery,United States,19009,Pennsylvania,2725 Quarry Rd,James,Davie*,jd@mailinator.com,(274) 555-0197
Santa Clara,US,95125,CA,178 San Jose Ave,Stephanie,Curran,contact+stephaniecurran@sdo.mygbiz.com,(690) 555-0100
Montgomery,United States,19009,Pennsylvania,2725 Quarry Rd,Mark,Kingston*,mk@mailinator.com,(769) 555-0197
Clark,US,89119,NV,4191 Tamarus St,Sean,Forbes,contact+seanforbes@sdo.mygbiz.com,(237) 555-0100
Santa Clara,US,95125,CA,178 San Jose Ave,Al,Miller,contact+almiller@sdo.mygbiz.com,(879) 555-0100
Santa Clara,United States,95125,California,178 San Jose Ave,Mark,Metz,markmetz@mailinator.com,(747) 555-0100